Brand,Saleprice,MRP,Weight,ProductType,Rating,ProductDetails,Description
,,,,,,,
bb Royal,135,189,1 kg,,,"Foodgrains, Oil & Masala",Organic Jaggery Powder
,,,,,,,
bb Royal,158,238,2x1 kg,,4,"Foodgrains, Oil & Masala",Organic - Poha
,,,,,,,
bb Royal,225,499,50 g,veg,4,"Foodgrains, Oil & Masala",Organic - Cardamom/Elachi Green
,,,,,,,
bb Royal,91,130,200 g,veg,4,"Foodgrains, Oil & Masala",Organic Sunflower Seeds
,,,,,,,
bb Royal,249,329,5 kg,veg,,"Foodgrains, Oil & Masala",Organic - Whole Wheat Atta
,,,,,,,
bb Royal,120,198,2x500 g,,4.2,"Foodgrains, Oil & Masala",Organic - Methi
,,,,,,,
Organic Tattva,45,50,500 g,veg,4,"Foodgrains, Oil & Masala",Rock Salt - Natural
,,,,,,,
bb Royal,230,349,2 kg,veg,4,"Foodgrains, Oil & Masala",Organic - Chana Dal/Channa Unpolished
,,,,,,,
bb Royal,690,838,2x5 kg,,4,"Foodgrains, Oil & Masala",Organic - Idly/Idli Rice
,,,,,,,
bb Royal,149,199,500 g,veg,4.1,"Foodgrains, Oil & Masala",Organic - Saunf
,,,,,,,
Fresho Organic,729,999,1 L,veg,4,"Foodgrains, Oil & Masala",Cow Desi Ghee (905 g)
,,,,,,,
bb Royal,239,279,2 kg,veg,4.1,"Foodgrains, Oil & Masala","Organic - Red Masoor Dal, Unpolished"
,,,,,,,
bb Royal,106,225,500 g,veg,4.1,"Foodgrains, Oil & Masala",Organic Coriander Powder
,,,,,,,
bb Royal,33,55,100 g,veg,,"Foodgrains, Oil & Masala",Organic - Dry Red Chilli Whole
,,,,,,,
24 Mantra,135,135,500 g,veg,4.1,"Foodgrains, Oil & Masala",Organic - Peanut
,,,,,,,
Fresho,9,11.25,4 pcs,veg,,Fruits & Vegetables,Lemon - Organically Grown
,,,,,,,
bb Royal,38,101,200 g,veg,4.1,"Foodgrains, Oil & Masala",Organic - Quinoa
,,,,,,,
bb Royal,140,160,2x1 kg,,4,"Foodgrains, Oil & Masala",Organic - Ragi Flour
,,,,,,,
bb Royal,169,199,1 kg,veg,4.1,"Foodgrains, Oil & Masala","Organic - Urad Dal White (Split), Unpolished"
,,,,,,,
Organic Tattva,90,100,500 g,veg,4.4,"Foodgrains, Oil & Masala",Organic Besan
,,,,,,,
bb Royal,58,105,500 g,veg,4.2,"Foodgrains, Oil & Masala","Organic - Mustard/Rai, Small"
,,,,,,,
Organic Tattva,67.5,75,500 g,veg,4,"Foodgrains, Oil & Masala",Brown Sugar
,,,,,,,
bb Royal,61,88,1 kg,veg,4,"Foodgrains, Oil & Masala",Organic - Sooji/Rawa
,,,,,,,
bb Royal,47,69,100 g,veg,4.2,"Foodgrains, Oil & Masala",Organic Cumin/Jeera Powder
,,,,,,,
bb Royal,165,219,1 kg,veg,4,"Foodgrains, Oil & Masala",Organic - Green Moong Dal (Split)
,,,,,,,
bb Royal,23,33,50 g,veg,4.2,"Foodgrains, Oil & Masala",Organic Bay Leaf/Tej Patta
,,,,,,,
24 Mantra,72,80,450 g,veg,4.1,"Foodgrains, Oil & Masala",Organic Powder - Jaggery
,,,,,,,
Pro Nature,140,140,500 g,veg,4,"Foodgrains, Oil & Masala",Organic - Raw Peanut
,,,,,,,
Pro Nature,60,60,500 g,veg,4,"Foodgrains, Oil & Masala",Organic Daliya - Broken Wheat
,,,,,,,
Fresho,36,45,500 g,veg,,Fruits & Vegetables,Sapota - Organically Grown
,,,,,,,
bb Royal,31,43,500 g,veg,4,"Foodgrains, Oil & Masala",Organic - Maida
,,,,,,,
bb Royal,162,199,200 g,veg,4,"Foodgrains, Oil & Masala",Organic Pumpkin Seeds
,,,,,,,
bb Royal,67,99,200 g,veg,4,"Foodgrains, Oil & Masala",Organic Chilli Powder
,,,,,,,
bb Royal,58,70,20 g,veg,,"Foodgrains, Oil & Masala",Organic - Black Cardamom Ealachi (Whole)
,,,,,,,
bb Royal,33,49,100 g,veg,4,"Foodgrains, Oil & Masala",Organic - Till White
,,,,,,,
Organic Tattva,63,70,500 g,veg,4,"Foodgrains, Oil & Masala",Organic Poha
,,,,,,,
bb Royal,145,190,1 kg,veg,3.9,"Foodgrains, Oil & Masala","Organic - Urad Black, Whole"
,,,,,,,
bb Royal,39,69,100 g,veg,4.2,"Foodgrains, Oil & Masala",Organic Kasoori Methi
,,,,,,,
bb Royal,72,110,500 g,,,"Foodgrains, Oil & Masala",Organic - Sattu Atta
,,,,,,,
24 Mantra,110,110,500 g,veg,4.1,"Foodgrains, Oil & Masala",Organic Dal - Moong
,,,,,,,
bb Royal,130,150,2x1 kg,,4.1,"Foodgrains, Oil & Masala",Organic - Bajra Wild/ Pearl Millet
,,,,,,,
Eco Fresh,85,85,500 g,veg,3.9,"Foodgrains, Oil & Masala",Organic Food - Brown Sugar
,,,,,,,
24 Mantra,65,65,200 g,veg,4.3,"Foodgrains, Oil & Masala",Organic Seeds - Flax
,,,,,,,
24 Mantra,121.5,135,1 kg,veg,4.1,"Foodgrains, Oil & Masala",Organic - Sugar
,,,,,,,
bb Royal,127,139,1 kg,veg,4.1,"Foodgrains, Oil & Masala",Organic - Masoor Black Whole
,,,,,,,
bb Royal,49,65,500 g,veg,4.1,"Foodgrains, Oil & Masala",Organic Red Poha
,,,,,,,
bb Royal,35,46,50 g,veg,4.1,"Foodgrains, Oil & Masala",Organic - Cinnamon Powder
,,,,,,,
Organic Tattva,49.5,55,500 g,veg,4,"Foodgrains, Oil & Masala",Organic Wheat Dalia
,,,,,,,
bb Royal,88,110,500 g,veg,4.1,"Foodgrains, Oil & Masala",Organic Rajma Chitra
,,,,,,,
24 Mantra,175.5,195,1 kg,veg,4,"Foodgrains, Oil & Masala",Organic Dal - Tur
,,,,,,,
bb Royal,349,469,5 Kg,veg,,"Foodgrains, Oil & Masala",Organic Brown Rice
,,,,,,,
bb Royal,349,399,500 g,veg,4.2,Snacks & Branded Foods,Organic  Wild Forest Honey
,,,,,,,
Tata Sampann,210,210,1 kg,veg,4.3,"Foodgrains, Oil & Masala",Organic Toor Dal
,,,,,,,
24 Mantra,95,95,1 kg,veg,4.2,"Foodgrains, Oil & Masala",Organic Rice - Sonamasuri White
,,,,,,,
bb Royal,429,449,200 g,veg,,"Foodgrains, Oil & Masala",Organic Walnut Kernels/Akharot
,,,,,,,
bb Royal,76,90,1 kg,veg,,"Foodgrains, Oil & Masala",Organic - Jowar Flour
,,,,,,,
Eco Fresh,110,110,500 g,veg,4.2,"Foodgrains, Oil & Masala",Organic Food - Jaggery Powder
,,,,,,,
24 Mantra,40,40,200 g,,4,"Foodgrains, Oil & Masala",Organic - Puffed Rice
,,,,,,,
bb Royal,31,61,20 g,veg,4.2,"Foodgrains, Oil & Masala",Organic - Cloves
,,,,,,,
bb Royal,68,99,1 kg,veg,4,"Foodgrains, Oil & Masala",Organic - Rice Flour
,,,,,,,
bb Royal,64,76,1 kg,veg,4,"Foodgrains, Oil & Masala",Organic - Ragi Whole/Finger Millet
,,,,,,,
bb Royal,20,25,200 g,veg,4.1,"Foodgrains, Oil & Masala",Organic Barley
,,,,,,,
bb Royal,59,79,500 g,veg,4,"Foodgrains, Oil & Masala",Organic Barnyard Millet/Kudiraivali Rice
,,,,,,,
Organic Tattva,76.5,85,500 g,veg,4.1,"Foodgrains, Oil & Masala",Organic Kala Chana
,,,,,,,
Organic Tattva,31.5,35,100 g,veg,4.1,"Foodgrains, Oil & Masala",Organic Seeds - Flax
,,,,,,,
bb Royal,28,50,20 g,veg,4.2,"Foodgrains, Oil & Masala",Organic - Nutmeg/Jayaphal
,,,,,,,
bb Royal,60,79,500 g,veg,4,"Foodgrains, Oil & Masala",Organic Little Millet/Samai Rice
,,,,,,,
bb Royal,90,99,200 g,veg,4,"Foodgrains, Oil & Masala",Organic Watermelon Seeds
,,,,,,,
bb Royal,55,80,500 g,veg,,"Foodgrains, Oil & Masala",Organic - Horse Gram/Kulthi
,,,,,,,
bb Royal,85,99,20 g,veg,4.3,"Foodgrains, Oil & Masala",Organic - Mace Whole/Javitri
,,,,,,,
Organic Tattva,22.5,25,100 g,veg,4.2,"Foodgrains, Oil & Masala",Organic Seeds - Black Mustard
,,,,,,,
24 Mantra,40,40,100 g,veg,4.1,"Foodgrains, Oil & Masala",Organic - Fenugreek
,,,,,,,
BB Royal Organic,309,399,1 L,veg,4,"Foodgrains, Oil & Masala",Organic Cold Pressed Groundnut Cooking Oil
,,,,,,,
BB Royal Organic,409,429,1 L,veg,,"Foodgrains, Oil & Masala",Organic Cold Pressed Sesame Cooking Oil
,,,,,,,
24 Mantra,40,40,100 g,veg,4.3,"Foodgrains, Oil & Masala",Organic Powder - Turmeric
,,,,,,,
24 Mantra,315,350,1 L,veg,4,"Foodgrains, Oil & Masala",Organic Oil - Groundnut (Expeller Pressed)
,,,,,,,
24 Mantra,80,80,100 g,veg,4.4,"Foodgrains, Oil & Masala",Organic - Fennel
,,,,,,,
MeraKisan,39.6,44,250 g,veg,4.5,"Foodgrains, Oil & Masala",Organic Cowpea
,,,,,,,
24 Mantra,76.5,85,500 g,veg,4.3,"Foodgrains, Oil & Masala",Organic Flour - Besan
,,,,,,,
Organic Tattva,103.5,115,500 g,veg,3.9,"Foodgrains, Oil & Masala",Roasted Chana Dal
,,,,,,,
24 Mantra,40,40,100 g,veg,3.6,"Foodgrains, Oil & Masala",Organic Powder - Fenugreek
,,,,,,,
Organic Tattva,54,60,500 g,veg,3.8,"Foodgrains, Oil & Masala",Himalayan Pink Salt
,,,,,,,
Organic Tattva,81,90,500 g,veg,3.4,"Foodgrains, Oil & Masala",Coupea - White
,,,,,,,
24 Mantra,50,50,500 g,veg,4,"Foodgrains, Oil & Masala",Organic Flour - Bajra
,,,,,,,
Organic Tattva,54,60,500 g,veg,3.7,"Foodgrains, Oil & Masala",Bajra Flour
,,,,,,,
24 Mantra,190,190,100 g,veg,4.5,"Foodgrains, Oil & Masala",Organic Powder - Black Pepper
,,,,,,,
24 Mantra,55,55,500 g,veg,4.1,"Foodgrains, Oil & Masala",Organic Rava - Idly
,,,,,,,
24 Mantra,261,290,100 g,veg,4.3,"Foodgrains, Oil & Masala",Organic Powder - Wheat Grass
,,,,,,,
24 Mantra,120,120,1 kg,veg,4.2,"Foodgrains, Oil & Masala",Organic - Red Rice
,,,,,,,
24 Mantra,45,45,500 g,,4.1,"Foodgrains, Oil & Masala",Organic Bran - Wheat
,,,,,,,
24 Mantra,130,130,500 g,veg,4.3,"Foodgrains, Oil & Masala",Organic Dal - Urad White (Split)
,,,,,,,
PRISTINE,135,135,100 g,veg,4.3,"Foodgrains, Oil & Masala",Fields Of Gold Organic Black Pepper - Whole
,,,,,,,
PRISTINE,170,170,500 g,veg,4.2,"Foodgrains, Oil & Masala",Fields Of Gold Organic Quinoa
,,,,,,,
PRISTINE,90,90,500 g,veg,3.5,"Foodgrains, Oil & Masala",Fields of Gold - Organic Little Millet
,,,,,,,
Fresho,16,20,1 pc,veg,,Fruits & Vegetables,Cabbage - Organically Grown
,,,,,,,
Fresho,159,198.75,1 kg,veg,,Fruits & Vegetables,Pomegranate -Organically Grown
,,,,,,,
Fresho,10,12.5,1 pc,veg,,Fruits & Vegetables,Aloe Vera - Organically grown
,,,,,,,
Fresho,12,15,250 g,veg,,Fruits & Vegetables,Ladies Finger - Organically Grown
,,,,,,,
Future Organics,100,100,500 g,veg,5,"Foodgrains, Oil & Masala",Sugar - Brown
,,,,,,,
Dhatu Organics & Naturals,120,120,500 g,veg,4.3,Gourmet & World Food,Organic Mixed Millet Flour
,,,,,,,
Dhatu Organics & Naturals,50,50,100 g,veg,4,Gourmet & World Food,Organic Flaxseeds
,,,,,,,
Dhatu Organics & Naturals,110,110,200 g,veg,3,Gourmet & World Food,Dosa Mix - Organic Sprouted Multi Pulse
,,,,,,,
Mimmo Organics,239,239,250 g,veg,,Baby Care,"Baby Food - Flower Pasta, Beetroot Multi-Millet, 10 Month+"
,,,,,,,
bb Royal,85,115,500 g,veg,4.1,"Foodgrains, Oil & Masala",Organic - Raw Peanuts
,,,,,,,
bb Royal,379,429,500 g,veg,,Snacks & Branded Foods,Organic  Kashmir Honey
,,,,,,,
Eco Fresh,150,150,900 g,veg,3.9,"Foodgrains, Oil & Masala",Organic Food - Whole Jaggery
,,,,,,,
bb Royal,750,950,2x5 kg,,4,"Foodgrains, Oil & Masala",Organic - Sona Masoori White Rice
,,,,,,,
bb Royal,699,925,10 kg,veg,,"Foodgrains, Oil & Masala",Organic - Sona Masoori Raw Rice
,,,,,,,
24 Mantra,200,200,1 kg,veg,4.2,"Foodgrains, Oil & Masala",Organic Dal - Green Moong (Whole)
,,,,,,,
bb Royal,80,99,1 kg,veg,,"Foodgrains, Oil & Masala",Organic Idli Rava
,,,,,,,
bb Royal,699,799,5 kg,veg,4.1,"Foodgrains, Oil & Masala",Organic - Basmati Rice
,,,,,,,
bb Royal,75,149,100 g,veg,4.2,"Foodgrains, Oil & Masala",Organic Black Pepper/Kali Mirchi
,,,,,,,
bb Royal,74,160,100 g,veg,4.1,"Foodgrains, Oil & Masala",Organic - Black Pepper Powder
,,,,,,,
bb Royal,38,79,50 g,veg,4.2,"Foodgrains, Oil & Masala",Organic Black Pepper/Kali Mirchi
,,,,,,,
Organic Tattva,45,50,100 g,veg,4.3,"Foodgrains, Oil & Masala",Organic - Kalonji
,,,,,,,
bb Royal,73,96,1 kg,veg,4,"Foodgrains, Oil & Masala",Organic - Red Raw Rice
,,,,,,,
Tata Sampann,228,240,1 kg,veg,4.6,"Foodgrains, Oil & Masala",Organic Moong Dal
,,,,,,,
Organic Tattva,225,250,1 kg,veg,3.6,"Foodgrains, Oil & Masala",Organic Basmati Rice - White
,,,,,,,
Organic Tattva,117,130,1 kg,veg,3.7,"Foodgrains, Oil & Masala",Organic - Idli Rice
,,,,,,,
Pro Nature,58,58,500 g,veg,3.9,"Foodgrains, Oil & Masala",Organic - Sooji
,,,,,,,
Organic Tattva,130.5,145,500 g,veg,4,"Foodgrains, Oil & Masala",Groundnuts
,,,,,,,
bb Royal,440,500,5 kg,veg,,"Foodgrains, Oil & Masala",Organic - Rice Surti Kolam
,,,,,,,
bb Royal,105,149,1 kg,veg,4,"Foodgrains, Oil & Masala",Organic - Whole Wheat Multi Grain Atta
,,,,,,,
bb Royal,157,190,1 kg,veg,4.1,"Foodgrains, Oil & Masala",Organic - Urad Dal Black (Split)
,,,,,,,
Tata Sampann,97,97,500 g,veg,4.2,"Foodgrains, Oil & Masala",Organic Masoor Dal
,,,,,,,
Organic Tattva,63,70,500 g,veg,4.2,"Foodgrains, Oil & Masala",Organic Sugar
,,,,,,,
bb Royal,838,998,2x5 kg,,4.2,"Foodgrains, Oil & Masala",Organic - HMT Kolam Rice
,,,,,,,
bb Royal,175,230,1 kg,veg,4,"Foodgrains, Oil & Masala","Organic - Urad Whole (Gota), Unpolished"
,,,,,,,
bb Royal,24,49,200 g,veg,4.2,"Foodgrains, Oil & Masala",Organic - Mustard/Rai Big
,,,,,,,
bb Royal,159,200,1 kg,veg,4.1,"Foodgrains, Oil & Masala",Organic - Mixed Dal
,,,,,,,
bb Royal,219,249,200 g,veg,,"Foodgrains, Oil & Masala",Organic Whole Walnut
,,,,,,,
MeraKisan,54,54,250 g,veg,3.7,"Foodgrains, Oil & Masala",Organic Quinoa
,,,,,,,
MeraKisan,135,135,250 g,veg,3.7,"Foodgrains, Oil & Masala",Organic Turmeric Powder
,,,,,,,
bb Royal,778,950,2x5 kg,,,"Foodgrains, Oil & Masala",Organic - Ponni Raw Rice
,,,,,,,
bb Royal,150,180,500 g,veg,,"Foodgrains, Oil & Masala",Organic Tamarind
,,,,,,,
bb Royal,75,80,500 g,veg,4,"Foodgrains, Oil & Masala",Organic Rajma Sharmili
,,,,,,,
bb Royal,162,165,1 kg,veg,,"Foodgrains, Oil & Masala","Organic - Basmati Rice, Brown"
,,,,,,,
bb Royal,82,110,500 g,veg,,"Foodgrains, Oil & Masala",Organic Red Rajma
,,,,,,,
bb Royal,219,259,2 kg,veg,4,"Foodgrains, Oil & Masala",Organic - Foxtail Millet / Italian (Thinai Rice)
,,,,,,,
bb Royal,85,125,500 g,veg,4.1,"Foodgrains, Oil & Masala",Organic Moong Dal Atta
,,,,,,,
bb Royal,81,137,Combo,,,"Foodgrains, Oil & Masala",Organic - Turmeric Powder 100g + Chilli Powder 100g + Coriander Powder 100g
,,,,,,,
bb Royal,75,75,500 g,veg,,"Foodgrains, Oil & Masala",Organic - White Peas
,,,,,,,
bb Royal,26,45,200 g,veg,4.2,"Foodgrains, Oil & Masala",Organic - Flax Seeds
,,,,,,,
bb Royal,16,29,100 g,veg,4.2,"Foodgrains, Oil & Masala",Organic - Mustard/Rai Yellow
,,,,,,,
bb Royal,145,170,100 g,veg,,"Foodgrains, Oil & Masala",Organic - Cashew Split
,,,,,,,
bb Royal,28,58,200 g,veg,4.1,"Foodgrains, Oil & Masala",Organic Fried Gram/Bengal Gram Dal
,,,,,,,
bb Royal,499,599,10 kg,,,"Foodgrains, Oil & Masala",Organic - Wheat Sharbati
,,,,,,,
bb Royal,475,549,10 kg,,,"Foodgrains, Oil & Masala",Organic - Wheat Lokwan
,,,,,,,
bb Royal,62,79,500 g,veg,4,"Foodgrains, Oil & Masala",Organic Kodo Millet/Varagu Rice
,,,,,,,
bb Royal,46,85,100 g,veg,4.2,"Foodgrains, Oil & Masala",Organic - Dry Ginger Powder
,,,,,,,
bb Royal,74,99,50 g,veg,4.4,"Foodgrains, Oil & Masala",Organic - White Pepper
,,,,,,,
bb Royal,61,65,500 g,veg,,"Foodgrains, Oil & Masala",Organic - Soyabean Whole
,,,,,,,
bb Royal,78,79,500 g,veg,,"Foodgrains, Oil & Masala",Organic - Proso Millet
,,,,,,,
bb Royal,96,99,500 g,veg,4.1,"Foodgrains, Oil & Masala",Organic - Urad Dal Atta
,,,,,,,
bb Royal,75,101,500 g,veg,4,"Foodgrains, Oil & Masala",Organic Brown Top Millet
,,,,,,,
bb Royal,79,79,1 kg,veg,4.3,"Foodgrains, Oil & Masala",Organic - Wheat Broken / Dhaliya
,,,,,,,
bb Royal,120,120,500 g,,,"Foodgrains, Oil & Masala",Organic - Black Rice
,,,,,,,
bb Royal,70,79,500 g,veg,3.8,"Foodgrains, Oil & Masala",Organic Masoor Dal Atta
,,,,,,,
bb Royal,41,45,500 g,veg,4,"Foodgrains, Oil & Masala",Organic Bajra Atta
,,,,,,,
bb Royal,41,55,500 g,veg,4.1,"Foodgrains, Oil & Masala",Organic Barley Atta
,,,,,,,
bb Royal,70,85,500 g,veg,,"Foodgrains, Oil & Masala","Organic - Lobia, White"
,,,,,,,
bb Royal,61,65,1 kg,veg,,"Foodgrains, Oil & Masala",Organic - Broken Rice
,,,,,,,
bb Royal,72,89,500 g,veg,4.1,"Foodgrains, Oil & Masala",Organic - Moth whole
,,,,,,,
bb Royal,29,55,100 g,veg,,"Foodgrains, Oil & Masala",Organic - Amla Powder
,,,,,,,
bb Royal,17,29,50 g,veg,4,"Foodgrains, Oil & Masala",Organic - Fennel /Saunf Powder
,,,,,,,
bb Royal,52,80,500 g,veg,,"Foodgrains, Oil & Masala",Organic Soya Atta
,,,,,,,
bb Royal,25,49,50 g,veg,,"Foodgrains, Oil & Masala",Organic - Dry Ginger Flakes
,,,,,,,
bb Royal,41,45,500 g,veg,,"Foodgrains, Oil & Masala",Organic - Red Rice Rava
,,,,,,,
bb Royal,35,46,500 g,veg,,"Foodgrains, Oil & Masala",Organic - Maize flour/Makka Atta
,,,,,,,
bb Royal,23,52,200 g,veg,4.1,"Foodgrains, Oil & Masala",Organic - Methi/Fenugreek Powder
,,,,,,,
bb Royal,34,85,100 g,veg,,"Foodgrains, Oil & Masala",Organic - Amchur/Amchoor Powder
,,,,,,,
bb Royal,72,149,100 g,veg,,"Foodgrains, Oil & Masala",Organic - Wheat Grass Powder
,,,,,,,
bb Royal,222,282,Combo,,,"Foodgrains, Oil & Masala",Organic - Red Masoor Dal 500g + Kabuli Chana 500g + Rajma Chitra 500g
,,,,,,,
Organic Tattva,49.5,55,100 g,veg,4,"Foodgrains, Oil & Masala",Organic Powder - Red Chilly
,,,,,,,
bb Royal,379,449,5 Kg,veg,,"Foodgrains, Oil & Masala",Organic Sona Masoori Semi Brown Rice - Handpounded
,,,,,,,
bb Royal,309,389,200 g,veg,,"Foodgrains, Oil & Masala",Organic - Cashew/Kaju Whole Super Premium
,,,,,,,
bb Royal,125,175,1 kg,veg,,"Foodgrains, Oil & Masala",Organic - Foxtail Millet/Italian Thinai Rice Flour
,,,,,,,
bb Royal,66,88,500 g,veg,,"Foodgrains, Oil & Masala",Organic - Little Millet/Samai Rice Flour
,,,,,,,
Eco Fresh,80,80,500 g,veg,4,"Foodgrains, Oil & Masala",Organic Food - Jaggery Granules
,,,,,,,
Eco Fresh,110,110,400 g,veg,3.9,"Foodgrains, Oil & Masala",Organic Food - Jaggery Cube
,,,,,,,
Organic Tattva,40.5,45,100 g,veg,4.3,"Foodgrains, Oil & Masala",Organic Powder - Coriander
,,,,,,,
Organic Tattva,85.5,95,100 g,veg,4,"Foodgrains, Oil & Masala",Organic - Chana Masala
,,,,,,,
bb Royal,310,410,Combo,,,"Foodgrains, Oil & Masala",Organic - Urad Whole 500g + Tur/Toor Dal 500g + Chana Dal 500g + Moong Dal 500g
,,,,,,,
Organic Tattva,22.5,25,100 g,veg,4.4,"Foodgrains, Oil & Masala",Organic Seeds - Brown Mustard
,,,,,,,
Organic Tattva,76.5,85,500 g,veg,4.1,"Foodgrains, Oil & Masala",Organic Masoor - Sabut(Whole)
,,,,,,,
Organic Tattva,85.5,95,500 g,veg,4.2,"Foodgrains, Oil & Masala",Organic Urad - whole
,,,,,,,
Organic Tattva,210,210,100 g,,,"Foodgrains, Oil & Masala",Organic Cashews
,,,,,,,
Organic Tattva,193.5,215,100 g,veg,3.6,"Foodgrains, Oil & Masala",Organic - Wheat Grass Powder
,,,,,,,
Organic Tattva,89.1,99,100 g,veg,4.2,"Foodgrains, Oil & Masala",Organic - Triphala Powder
,,,,,,,
Organic Tattva,99,110,1 kg,veg,4.4,"Foodgrains, Oil & Masala",Organic Sona Masuri - Brown
,,,,,,,
Organic Tattva,99,99,100 g,,2.5,"Foodgrains, Oil & Masala",Organic Raisins
,,,,,,,
Organic Tattva,135,150,100 g,veg,4.7,"Foodgrains, Oil & Masala",Organic - Biryani Masala
,,,,,,,
Organic Tattva,89.1,99,100 g,veg,3.3,"Foodgrains, Oil & Masala",Organic - Rajma Masala
,,,,,,,
Organic Tattva,81,90,500 g,veg,4.3,"Foodgrains, Oil & Masala",Organic Masoor - Malka
,,,,,,,
Organic Tattva,495,550,1 L,veg,4.7,"Foodgrains, Oil & Masala",Organic - Sesame Oil
,,,,,,,
Organic Tattva,49.5,55,500 g,veg,4,"Foodgrains, Oil & Masala",Organic - Brown Suji
,,,,,,,
Organic Tattva,81,90,100 g,veg,3,"Foodgrains, Oil & Masala",Organic - Pav Bhaji Masala
,,,,,,,
Organic Tattva,58.5,65,100 g,veg,4.4,"Foodgrains, Oil & Masala",Organic - Rasam Powder
,,,,,,,
Organic Tattva,179.1,199,100 g,veg,4.2,"Foodgrains, Oil & Masala",Organic - Psyllium Husk
,,,,,,,
Organic Tattva,126,140,500 g,veg,4.5,"Foodgrains, Oil & Masala",Organic Rajma - Chitra
,,,,,,,
Organic Tattva,85.5,95,500 g,veg,4.1,"Foodgrains, Oil & Masala",Organic Dal - Chana
,,,,,,,
Organic Tattva,117,130,500 g,veg,4.1,"Foodgrains, Oil & Masala",Organic Kabuli Chana
,,,,,,,
Organic Tattva,90,120,500 g,veg,4.1,"Foodgrains, Oil & Masala",Organic (Tur)Dal - Arhar
,,,,,,,
Organic Tattva,108,120,500 g,veg,3.9,"Foodgrains, Oil & Masala",Organic Moong - Sabut(Whole)
,,,,,,,
Organic Tattva,121.5,135,500 g,veg,4.1,"Foodgrains, Oil & Masala",Organic Rajma - Red
,,,,,,,
24 Mantra,55,55,1 kg,veg,4.3,"Foodgrains, Oil & Masala",Organic Rice - Broken
,,,,,,,
Pro Nature,60,60,500 g,veg,3.9,"Foodgrains, Oil & Masala",Organic Flour - Ragi
,,,,,,,
Pro Nature,68,68,1 kg,veg,3.8,"Foodgrains, Oil & Masala",Organic Atta - Whole Wheat
,,,,,,,
MeraKisan,77,77,500 g,veg,4.2,"Foodgrains, Oil & Masala",Organic Brown Sugar
,,,,,,,
24 Mantra,45,45,500 g,veg,4.1,"Foodgrains, Oil & Masala",Organic Dhaliya - Wheat
,,,,,,,
Tata Sampann,190,200,1 kg,veg,4.3,"Foodgrains, Oil & Masala",Organic Chana Dal
,,,,,,,
MeraKisan,85,85,500 g,veg,4.4,"Foodgrains, Oil & Masala",Organic Jaggery Powder
,,,,,,,
Organic Tattva,27,30,100 g,veg,4.3,"Foodgrains, Oil & Masala",Fenugreek
,,,,,,,
Organic Tattva,126,140,1 kg,veg,3.8,"Foodgrains, Oil & Masala",Sugar
,,,,,,,
Eco Fresh,330,330,1 L,veg,,"Foodgrains, Oil & Masala",Organic Food - Sunflower Oil
,,,,,,,
Tata Sampann,137,137,500 g,veg,3.7,"Foodgrains, Oil & Masala",Organic Rajma - Red
,,,,,,,
24 Mantra,220,220,50 g,veg,4.6,"Foodgrains, Oil & Masala",Organic - Cloves
,,,,,,,
24 Mantra,61.2,68,500 g,veg,4,"Foodgrains, Oil & Masala",Organic Poha
,,,,,,,
MeraKisan,208,208,100 g,veg,3,"Foodgrains, Oil & Masala",Organic Almond
,,,,,,,
MeraKisan,80,80,500 g,veg,3.6,"Foodgrains, Oil & Masala",Organic Indrayani Rice
,,,,,,,
Organic Origins,490,490,200 g,,4.2,Gourmet & World Food,Organic Almond Butter - Unsweetened
,,,,,,,
Organic Tattva,72,80,500 g,veg,4.1,"Foodgrains, Oil & Masala",Red - Poha
,,,,,,,
Organic Tattva,81,90,250 g,veg,4.4,"Foodgrains, Oil & Masala",Flour - Buckwheat
,,,,,,,
MeraKisan,331,331,100 g,veg,3,"Foodgrains, Oil & Masala",Organic Pista
,,,,,,,
MeraKisan,98,98,500 g,veg,4.3,"Foodgrains, Oil & Masala",Organic Mix Dal
,,,,,,,
MeraKisan,78,78,500 g,veg,4.3,"Foodgrains, Oil & Masala",Organic Chawli/Cowpea
,,,,,,,
MeraKisan,74.7,83,500 g,veg,3.6,"Foodgrains, Oil & Masala",Organic Chana Dal
,,,,,,,
Pro Nature,66,66,200 g,veg,4.2,"Foodgrains, Oil & Masala",Organic Fenugreek
,,,,,,,
MeraKisan,146,146,250 g,veg,3.8,"Foodgrains, Oil & Masala",Organic White Sesame
,,,,,,,
Organic Tattva,58.5,65,1 kg,veg,4,"Foodgrains, Oil & Masala",Flour - Wheat
,,,,,,,
Organic Tattva,117,130,100 g,veg,3.6,"Foodgrains, Oil & Masala",Black - Peppercorns
,,,,,,,
MeraKisan,141,141,250 g,veg,3.7,"Foodgrains, Oil & Masala",Organic Chilli Powder
,,,,,,,
MeraKisan,133,133,1 kg,veg,5,"Foodgrains, Oil & Masala",Organic Idly Rice
,,,,,,,
MeraKisan,98,98,100 g,veg,4.7,"Foodgrains, Oil & Masala",Organic Chicken Masala
,,,,,,,
MeraKisan,116,116,1 kg,veg,2.8,"Foodgrains, Oil & Masala",Organic Ragi Flour
,,,,,,,
MeraKisan,121,121,1 kg,veg,3.8,"Foodgrains, Oil & Masala",Organic Jowar Flour
,,,,,,,
MeraKisan,36,36,100 g,veg,4,"Foodgrains, Oil & Masala",Organic Mustard
,,,,,,,
MeraKisan,94,94,500 g,veg,,"Foodgrains, Oil & Masala",Organic Foxtail Millet
,,,,,,,
MeraKisan,125.1,139,500 g,veg,4,"Foodgrains, Oil & Masala",Organic Black Rice
,,,,,,,
MeraKisan,185,185,1 kg,veg,,"Foodgrains, Oil & Masala",Organic Foxtail Millet
,,,,,,,
MeraKisan,207,207,1 kg,veg,5,"Foodgrains, Oil & Masala",Organic Little Millet
,,,,,,,
MeraKisan,244,244,1 kg,veg,3.6,"Foodgrains, Oil & Masala",Organic Peanuts
,,,,,,,
Eco Fresh,370,370,1 L,veg,,"Foodgrains, Oil & Masala",Organic Food Groundnut Oil
,,,,,,,
MeraKisan,123,123,50 g,veg,4,"Foodgrains, Oil & Masala",Organic Clove Buds
,,,,,,,
MeraKisan,100,100,500 g,veg,1.6,"Foodgrains, Oil & Masala",Organic Ambemohar Rice
,,,,,,,
MeraKisan,56,56,50 g,veg,4.7,"Foodgrains, Oil & Masala",Organic Cinnamom Stick
,,,,,,,
MeraKisan,56,56,50 g,veg,3.6,"Foodgrains, Oil & Masala",Organic Ginger Sliced
,,,,,,,
Pro Nature,76,76,500 g,veg,4.6,"Foodgrains, Oil & Masala",Organic - Sugar
,,,,,,,
MeraKisan,72,72,100 g,veg,4.4,"Foodgrains, Oil & Masala",Organic Ajwain
,,,,,,,
MeraKisan,124,124,500 g,veg,3,"Foodgrains, Oil & Masala",Organic Groundnut
,,,,,,,
MeraKisan,45,45,50 g,veg,4.3,"Foodgrains, Oil & Masala",Organic Jaljira Masala
,,,,,,,
Pro Nature,146,146,500 g,veg,3.8,"Foodgrains, Oil & Masala",Organic - Rajma
,,,,,,,
MeraKisan,281,281,50 g,veg,4.5,"Foodgrains, Oil & Masala",Organic Green Cardamom
,,,,,,,
MeraKisan,51.3,57,100 g,veg,,"Foodgrains, Oil & Masala",Organic Coriander Powder
,,,,,,,
24 Mantra,130,130,100 g,veg,4,"Foodgrains, Oil & Masala",Organic - Cinnamon
,,,,,,,
MeraKisan,255,255,100 g,veg,3.3,"Foodgrains, Oil & Masala",Organic Walnut
,,,,,,,
Pro Nature,82,82,100 g,,3,"Foodgrains, Oil & Masala",Organic - Ajwain
,,,,,,,
Pro Nature,120,120,200 g,veg,4,"Foodgrains, Oil & Masala",Organic - Sesame
,,,,,,,
MeraKisan,56,56,500 g,veg,3.8,"Foodgrains, Oil & Masala",Organic Wheat Daliya
,,,,,,,
MeraKisan,135.9,151,1 kg,veg,2,"Foodgrains, Oil & Masala",Organic Brown Sugar
,,,,,,,
MeraKisan,84,84,50 g,veg,4.7,"Foodgrains, Oil & Masala",Organic Black Pepper
,,,,,,,
MeraKisan,82,82,100 g,veg,4.3,"Foodgrains, Oil & Masala",Organic Raisins
,,,,,,,
BB Royal Organic,249,299,1 L,veg,4,"Foodgrains, Oil & Masala",Organic Cold Pressed Sunflower Cooking Oil
,,,,,,,
BB Royal Organic,249,299,1 L,veg,4.2,"Foodgrains, Oil & Masala",Organic Cold Pressed Mustard Cooking Oil
,,,,,,,
Organic Tattva,108,120,500 g,veg,4.2,"Foodgrains, Oil & Masala",Organic Moong Dal - Green Split
,,,,,,,
Pro Nature,78,78,400 g,veg,3.9,"Foodgrains, Oil & Masala",Organic Powder - Jaggery
,,,,,,,
Tata Sampann,132,132,500 g,veg,4.3,"Foodgrains, Oil & Masala",Organic Kabuli Chana
,,,,,,,
Eco Fresh,75,75,500 g,veg,4.1,"Foodgrains, Oil & Masala",Organic Food - Jaggery Powder
,,,,,,,
ORGANIC INDIA,174,174,43.5 g,,4.3,Beverages,Infusion Bags - Tulsi Green Tea
,,,,,,,
24 Mantra,171,180,1 kg,,4.2,"Foodgrains, Oil & Masala",Organic - Kabuli Channa
,,,,,,,
24 Mantra,40,40,500 g,veg,4.1,"Foodgrains, Oil & Masala",Organic Flour - Rice
,,,,,,,
Eco Fresh,50,50,100 g,veg,,"Foodgrains, Oil & Masala",Organic Food - Chilli Powder
,,,,,,,
24 Mantra,300,300,1 L,,4.4,"Foodgrains, Oil & Masala",Organic Oil - Mustard (Expeller Pressed)
,,,,,,,
Fresho Organic,95,99,1 L,veg,,"Bakery, Cakes & Dairy",Certified Organic Toned Milk
,,,,,,,
Organic Tattva,216,240,1 kg,veg,4,"Foodgrains, Oil & Masala",Moong Dal Whole
,,,,,,,
Eco Fresh,50,50,100 g,veg,4,"Foodgrains, Oil & Masala",Organic Food - Turmeric Powder
,,,,,,,
MeraKisan,84,84,500 g,veg,4.3,"Foodgrains, Oil & Masala",Organic Toor/Arhar Dal
,,,,,,,
Bragg,640,640,473 ml,veg,4.3,Gourmet & World Food,Organic - Apple Cider Vinegar
,,,,,,,
24 Mantra,60,60,500 g,veg,4,"Foodgrains, Oil & Masala",Natural Sugar - Sulphurless
,,,,,,,
Organic Tattva,180,240,1 kg,veg,4,"Foodgrains, Oil & Masala",Arhar (Tur) Dal
,,,,,,,
24 Mantra,60,60,1 kg,veg,4,"Foodgrains, Oil & Masala",Organic Atta - Whole Wheat
,,,,,,,
24 Mantra,220,220,100 g,veg,4.2,"Foodgrains, Oil & Masala",Organic - Black Pepper
,,,,,,,
24 Mantra,90,90,100 g,veg,3.7,"Foodgrains, Oil & Masala",Organic Powder - Cumin
,,,,,,,
24 Mantra,75,75,500 g,veg,4.1,"Foodgrains, Oil & Masala",Organic Poha - Red
,,,,,,,
24 Mantra,90,90,100 g,veg,4.4,"Foodgrains, Oil & Masala",Organic - Cumin
,,,,,,,
24 Mantra,120,120,500 g,,3,"Foodgrains, Oil & Masala",Organic Urad - Black (Whole)
,,,,,,,
24 Mantra,170,170,1 kg,veg,3.8,"Foodgrains, Oil & Masala",Organic - Channa Dal
,,,,,,,
MeraKisan,74.7,83,100 g,veg,,"Foodgrains, Oil & Masala",Organic Watermellon Seed
,,,,,,,
24 Mantra,95,95,1 kg,veg,4.1,"Foodgrains, Oil & Masala",Organic Rice - Sonamasuri Brown
,,,,,,,
24 Mantra,105,105,500 g,,4,"Foodgrains, Oil & Masala",Organic Rajma - Chitkabra
,,,,,,,
24 Mantra,220,220,1 kg,,4.2,"Foodgrains, Oil & Masala",Organic Rice - White Basmati
,,,,,,,
MeraKisan,180,180,1 kg,veg,3.1,"Foodgrains, Oil & Masala",Organic Besan/Gram Flour
,,,,,,,
24 Mantra,60,60,500 g,veg,4.1,"Foodgrains, Oil & Masala",Organic Flour - Ragi
,,,,,,,
24 Mantra,85,85,500 g,veg,4.2,"Foodgrains, Oil & Masala",Organic Dal - Masoor
,,,,,,,
Pro Nature,76,76,100 g,veg,4.1,"Foodgrains, Oil & Masala",Organic Cumin (Whole)
,,,,,,,
Organic Tattva,54,60,500 g,veg,3.9,"Foodgrains, Oil & Masala",Ragi - Whole
,,,,,,,
Organic Tattva,99,110,1 kg,veg,4.6,"Foodgrains, Oil & Masala",Sonamasuri Rice - Hand Pounded
,,,,,,,
MeraKisan,32,32,50 g,veg,4.2,"Foodgrains, Oil & Masala",Organic Cumin Seed/Jeera
,,,,,,,
Fresho Organic,79,85,100 g,veg,,"Bakery, Cakes & Dairy",Salted Butter - 100% Certified Organic
,,,,,,,
Fresho Organic,369,395,500 g,veg,,"Bakery, Cakes & Dairy",Unsalted Butter - 100% Certified Organic
,,,,,,,
MeraKisan,185,185,200 g,veg,1,"Foodgrains, Oil & Masala",Organic Coconut Oil
,,,,,,,
MeraKisan,85,85,1 kg,veg,4.1,"Foodgrains, Oil & Masala",Organic Wheat Flour
,,,,,,,
Pro Nature,105,105,500 g,veg,4.3,"Foodgrains, Oil & Masala",Organic Dal - Masoor
,,,,,,,
Pro Nature,115,115,500 g,veg,4.5,"Foodgrains, Oil & Masala",Organic Moong - Green (Whole)
,,,,,,,
Pro Nature,128,128,500 g,veg,3.9,"Foodgrains, Oil & Masala",Organic Moong - Yellow
,,,,,,,
24 Mantra,60,60,50 g,veg,4,"Foodgrains, Oil & Masala",Organic Powder - Dry Ginger
,,,,,,,
24 Mantra,65,65,100 g,veg,4.1,"Foodgrains, Oil & Masala",Organic Powder - Chilly
,,,,,,,
Organic Tattva,108,120,500 g,veg,4,"Foodgrains, Oil & Masala",Mix Dal
,,,,,,,
Fresho Organic,369,395,500 g,veg,,"Bakery, Cakes & Dairy",Salted Butter - 100% Certified Organic
,,,,,,,
24 Mantra,100,100,500 g,veg,3.9,"Foodgrains, Oil & Masala",Organic Dal - Green Moong (Split)
,,,,,,,
24 Mantra,120,120,500 g,veg,3.8,"Foodgrains, Oil & Masala",Organic Dal - Urad Black (Split)
,,,,,,,
PRISTINE,72,72,500 g,veg,3.7,"Foodgrains, Oil & Masala",Fields Of Gold - Organic Jaggery
,,,,,,,
Organic Tattva,103.5,115,500 g,veg,4.2,"Foodgrains, Oil & Masala",Urad Dal Whole White
,,,,,,,
Eco Fresh,85,85,100 g,veg,,"Foodgrains, Oil & Masala",Organic Food - Organic Kishmish/Raisin
,,,,,,,
24 Mantra,60,60,100 g,veg,4.1,"Foodgrains, Oil & Masala",Organic Powder - Coriander
,,,,,,,
24 Mantra,90,90,500 g,veg,4.3,"Foodgrains, Oil & Masala",Organic - Masoor Whole
,,,,,,,
24 Mantra,300,300,1 L,veg,3.7,"Foodgrains, Oil & Masala",Organic Oil - Mustard
,,,,,,,
24 Mantra,76,80,200 g,veg,4.1,"Foodgrains, Oil & Masala",Organic - Turmeric Powder
,,,,,,,
24 Mantra,25,25,100 g,veg,4.1,"Foodgrains, Oil & Masala",Organic Mustard - Big
,,,,,,,
24 Mantra,28,28,100 g,veg,4.1,"Foodgrains, Oil & Masala",Organic Mustard - Small
,,,,,,,
24 Mantra,130,130,500 g,veg,3.9,"Foodgrains, Oil & Masala",Organic Dal - Urad White (Whole)
,,,,,,,
24 Mantra,75,75,500 g,veg,4.3,"Foodgrains, Oil & Masala",Organic Channa - Brown
,,,,,,,
24 Mantra,60,60,500 g,veg,4.2,"Foodgrains, Oil & Masala",Organic Flour - Jowar
,,,,,,,
PRISTINE,142,142,100 g,veg,5,"Foodgrains, Oil & Masala",Fields Of Gold Organic Almonds
,,,,,,,
Eco Fresh,180,180,100 g,veg,,"Foodgrains, Oil & Masala",Organic Food - Natural Almond
,,,,,,,
PRISTINE,150,150,300 g,veg,4.4,Baby Care,Organic Whole Rice Supplement - For Children
,,,,,,,
MeraKisan,281,281,250 g,veg,4.5,"Foodgrains, Oil & Masala",Organic Chia Seed
,,,,,,,
Eco Fresh,120,120,500 g,,,"Foodgrains, Oil & Masala",Organic Food - Moong Dal Whole
,,,,,,,
Eco Fresh,130,130,500 g,,,"Foodgrains, Oil & Masala",Organic Food - Groundnut
,,,,,,,
PRISTINE,20,20,100 g,veg,4.7,"Foodgrains, Oil & Masala",Fields Of Gold Organic Mustard - Bold
,,,,,,,
Eco Fresh,650,650,5 kg,veg,4,"Foodgrains, Oil & Masala",Organic Food - Brown Sugar
,,,,,,,
Eco Fresh,300,300,100 g,veg,,"Foodgrains, Oil & Masala",Organic Food - Wheatgrass Powder
,,,,,,,
MeraKisan,429,429,250 g,veg,5,"Foodgrains, Oil & Masala",Organic Pumpkin Seed
,,,,,,,
MeraKisan,191,191,250 g,veg,3.5,"Foodgrains, Oil & Masala",Organic Watermelon Seed
,,,,,,,
Pro Nature,148,148,500 g,veg,4.8,"Foodgrains, Oil & Masala",Organic Urad - White (Whole)
,,,,,,,
24 Mantra,60,60,1 kg,,4.3,"Foodgrains, Oil & Masala",Organic Wheat -  Whole
,,,,,,,
24 Mantra,170,170,1 kg,veg,4.1,"Foodgrains, Oil & Masala",Organic - Masoor Dal
,,,,,,,
MeraKisan,119,119,100 g,veg,3,"Foodgrains, Oil & Masala",Organic Chia Seed
,,,,,,,
Eco Fresh,620,620,500 ml,veg,2.5,"Foodgrains, Oil & Masala",Organic Food - Ghee
,,,,,,,
PRISTINE,53.2,56,400 g,veg,5,"Foodgrains, Oil & Masala",Fields of Gold Organic Beaten Rice
,,,,,,,
Eco Fresh,110,110,500 g,,,"Foodgrains, Oil & Masala",Organic Food - Urad White Dal
,,,,,,,
Eco Fresh,100,100,500 g,,,"Foodgrains, Oil & Masala",Organic Food - Moong Dal Split
,,,,,,,
Pro Nature,96,96,500 g,veg,4.2,"Foodgrains, Oil & Masala",Organic Channa Dal
,,,,,,,
24 Mantra,209,220,1 kg,,3,"Foodgrains, Oil & Masala",Organic Rice - Brown Basmati
,,,,,,,
MeraKisan,50.4,56,50 g,veg,4,"Foodgrains, Oil & Masala",Organic Cumin Seed Powder
,,,,,,,
24 Mantra,75,75,100 g,veg,4.3,"Foodgrains, Oil & Masala",Organic Powder - Sambar
,,,,,,,
Pro Nature,220,220,100 g,veg,4.1,"Foodgrains, Oil & Masala",Organic - Almonds
,,,,,,,
Pro Nature,138,138,500 g,veg,4.4,"Foodgrains, Oil & Masala",Organic Kabuli Channa
,,,,,,,
Eco Fresh,60,60,500 g,veg,3.5,"Foodgrains, Oil & Masala",Organic Food - Poha
,,,,,,,
Tata Sampann,94,94,500 g,veg,4.4,"Foodgrains, Oil & Masala",Organic Brown Chana
,,,,,,,
Phalada Pure & Sure,127,127,1 kg,veg,4,"Foodgrains, Oil & Masala",Organic - Sugar
,,,,,,,
Eco Fresh,50,50,100 g,veg,,"Foodgrains, Oil & Masala",Organic Food - Coriander Powder
,,,,,,,
Pro Nature,76,76,500 g,veg,4.1,"Foodgrains, Oil & Masala",Organic Beaten Rice
,,,,,,,
MeraKisan,81.9,91,500 g,veg,4.5,"Foodgrains, Oil & Masala",Organic Besan Flour
,,,,,,,
Pro Nature,88,88,500 g,veg,3.9,"Foodgrains, Oil & Masala",Organic Kala Channa
,,,,,,,
Eco Fresh,65,65,500 g,veg,4.6,"Foodgrains, Oil & Masala",Organic Food - White Sugar
,,,,,,,
24 Mantra,75,75,50 g,,4.1,"Foodgrains, Oil & Masala",Organic - Garam Masala
,,,,,,,
Eco Fresh,575,575,5 kg,veg,,"Foodgrains, Oil & Masala",Organic Food - White Sugar
,,,,,,,
MeraKisan,97,97,100 g,veg,4,"Foodgrains, Oil & Masala",Organic Sunflower Seeds
,,,,,,,
Tata Sampann,110.2,116,500 g,veg,4.4,"Foodgrains, Oil & Masala",Organic Urad - Whole
,,,,,,,
24 Mantra,55,55,500 g,,4.1,"Foodgrains, Oil & Masala",Organic Flour - Corn
,,,,,,,
Tata Sampann,127,127,500 g,veg,4.6,"Foodgrains, Oil & Masala",Organic Moong Chilka
,,,,,,,
Eco Fresh,80,80,500 g,veg,5,"Foodgrains, Oil & Masala",Organic Food - Red Poha
,,,,,,,
Pro Nature,188,188,1 kg,veg,4,"Foodgrains, Oil & Masala",Organic Dal - Tur
,,,,,,,
Pro Nature,86,86,100 g,,4,"Foodgrains, Oil & Masala",Organic Powder - Cumin
,,,,,,,
Pro Nature,200,200,100 g,veg,3.6,"Foodgrains, Oil & Masala",Organic - Cashew nuts
,,,,,,,
MeraKisan,83,83,250 g,veg,4.5,"Foodgrains, Oil & Masala",Organic Flax Seed
,,,,,,,
Eco Fresh,180,180,1 kg,veg,4,"Foodgrains, Oil & Masala",Organic Food - Toor Dal
,,,,,,,
MeraKisan,62,62,500 g,veg,3.6,"Foodgrains, Oil & Masala",Organic White Poha/White Beaten Rice
,,,,,,,
Eco Fresh,150,150,1 kg,veg,4.5,"Foodgrains, Oil & Masala",Organic Food - Khapli Wheat
,,,,,,,
Pro Nature,62,62,200 g,veg,4.3,"Foodgrains, Oil & Masala",Organic Seeds - Mustard
,,,,,,,
Pro Nature,50,50,200 g,veg,4.2,"Foodgrains, Oil & Masala",Organic - Roasted Channa Dal
,,,,,,,
24 Mantra,90,90,500 g,veg,4.2,"Foodgrains, Oil & Masala",Organic - Masoor Malka
,,,,,,,
Pro Nature,60,60,50 g,veg,4,"Foodgrains, Oil & Masala",Organic Cinnamon Bark
,,,,,,,
24 Mantra,60,60,500 g,veg,4.2,"Foodgrains, Oil & Masala",Organic Corn - Dhaliya
,,,,,,,
MeraKisan,84.15,85,500 g,veg,4.1,"Foodgrains, Oil & Masala",Organic Poha Brown/Brown Beaten Rice
,,,,,,,
Tata Sampann,132,132,500 g,veg,4.4,"Foodgrains, Oil & Masala",Organic Urad Dal
,,,,,,,
PRISTINE,65,65,100 g,veg,4.6,"Foodgrains, Oil & Masala",Fields Of Gold Organic Raisins
,,,,,,,
Pro Nature,116,116,500 g,veg,3.5,"Foodgrains, Oil & Masala",Organic Moong - Green (Split)
,,,,,,,
MeraKisan,107,107,500 g,veg,3.6,"Foodgrains, Oil & Masala",Organic Wheat Suji Pasta
,,,,,,,
Pro Nature,116,116,500 g,veg,3.5,"Foodgrains, Oil & Masala",Organic Moong - Green (Split)
,,,,,,,
Eco Fresh,190,190,100 g,veg,,"Foodgrains, Oil & Masala",Organic Food - Whole Cashew
,,,,,,,
PRISTINE,95,95,150 g,veg,4.6,"Foodgrains, Oil & Masala",OvenOrg - Organic Mixed Millet Biscuits
,,,,,,,
Early Foods,199,199,150 g,veg,4.6,Baby Care,Organic Gluten Free Jaggery Cookies
,,,,,,,
PRISTINE,51.48,52,100 g,veg,4.6,"Foodgrains, Oil & Masala",Fields Of Gold Organic Cumin - Whole
,,,,,,,
24 Mantra,85,85,500 g,,4.1,"Foodgrains, Oil & Masala",Organic Dal - Chana Dal
,,,,,,,
ORGANIC INDIA,225,225,100 g,veg,4.2,Beauty & Hygiene,Moringa Powder
,,,,,,,
ORGANIC INDIA,205,205,60 pcs,veg,3.4,Beauty & Hygiene,Brahmi Capsules
,,,,,,,
ORGANIC INDIA,205,205,60 pcs,veg,3.7,Beauty & Hygiene,Moringa Capsules
,,,,,,,
ORGANIC INDIA,210,210,60 pcs,veg,3.8,Beauty & Hygiene,Vitality Capsules
,,,,,,,
ORGANIC INDIA,175,175,60 pcs,veg,5,Beauty & Hygiene,Trikatu Capsules
,,,,,,,
ORGANIC INDIA,199.5,210,60 pcs,veg,,Beauty & Hygiene,Flexibility Capsules
,,,,,,,
ORGANIC INDIA,205,205,60 pcs,veg,3.9,Beauty & Hygiene,Ashwagandha Capsules
,,,,,,,
bb Royal,399,449,500 g,veg,4.1,Snacks & Branded Foods,Organic Jamun Honey
,,,,,,,
ORGANIC INDIA,280.25,295,60 pcs,veg,4,Beauty & Hygiene,Turmeric Capsules
,,,,,,,
Biofarm,320,320,5 kg,,4.1,"Kitchen, Garden & Pets",Organic Fertiliser
,,,,,,,
Herbalist,245,245,200 g,veg,,Beauty & Hygiene,Organic Powder - Amalaki
,,,,,,,
Herbalist,345,345,120 Capsules,veg,3,Beauty & Hygiene,Organic Capsules - Triphala
,,,,,,,
Herbalist,345,345,120 Capsules,veg,,Beauty & Hygiene,Organic Capsules - Amalaki
,,,,,,,
Herbalist,275,275,120 Capsules,veg,,Beauty & Hygiene,Organic Capsules - Moringa
